Motif Name,Consensus,Rank in Generated,Rank in Known
ZBTB38(Zf)/Hela-ZBTB38-ChIP-seq(GSE108618)/Homer,NNWTATCGATAW,1,96
AT5G05550(Trihelix)/col-AT5G05550-DAP-Seq(GSE60143)/Homer,HDNHDTCKCCGGMGA,2,172
HIC1(Zf)/Treg-ZBTB29-ChIP-Seq(GSE99889)/Homer,TGCCAGCB,3,40
Unknown5/Drosophila-Promoters/Homer,GCTGATAASV,5,44
At5g05790(MYBrelated)/col-At5g05790-DAP-Seq(GSE60143)/Homer,AYCTTATC,8,63
Zfp57(Zf)/H1-ZFP57.HA-ChIP-Seq(GSE115387)/Homer,NANTGCSGCA,9,130
CRF10(AP2EREBP)/col100-CRF10-DAP-Seq(GSE60143)/Homer,DCCGCCGYHA,10,237
CUX1(Homeobox)/K562-CUX1-ChIP-Seq(GSE92882)/Homer,TATCGATNAN,11,117
Sox6(HMG)/Myotubes-Sox6-ChIP-Seq(GSE32627)/Homer,CCATTGTTNY,12,158
ERF105(AP2EREBP)/colamp-ERF105-DAP-Seq(GSE60143)/Homer,TGGCGGCT,14,84
At3g11280(MYBrelated)/col-At3g11280-DAP-Seq(GSE60143)/Homer,GATAAGRT,15,74
ERF7(AP2EREBP)/col-ERF7-DAP-Seq(GSE60143)/Homer,ATGRCGGCGG,16,136
RAP212(AP2EREBP)/col-RAP212-DAP-Seq(GSE60143)/Homer,CGCCGCCATTTT,18,102
Tgif2(Homeobox)/mES-Tgif2-ChIP-Seq(GSE55404)/Homer,TGTCANYT,22,276
E2F(E2F)/Hela-CellCycle-Expression/Homer,TTSGCGCGAAAA,23,202
DEL2(E2FDP)/col-DEL2-DAP-Seq(GSE60143)/Homer,WTTTCSCGCC,26,127
E2F3(E2F)/MEF-E2F3-ChIP-Seq(GSE71376)/Homer,BTKGGCGGGAAA,28,219
ESE3(AP2EREBP)/col-ESE3-DAP-Seq(GSE60143)/Homer,GACGGTGG,29,181
AT3G57600(AP2EREBP)/col-AT3G57600-DAP-Seq(GSE60143)/Homer,GGCGGTGG,32,126
E2FA(E2FDP)/colamp-E2FA-DAP-Seq(GSE60143)/Homer,WWTGGCGCCAWWWNN,33,173
ERF3(AP2EREBP)/colamp-ERF3-DAP-Seq(GSE60143)/Homer,ATGGCGGCGG,34,151
AT1G28160(AP2EREBP)/colamp-AT1G28160-DAP-Seq(GSE60143)/Homer,GGCGGCGG,38,95
SeqBias: CG bias,SSSSSSSSSS,39,70
RAP26(AP2EREBP)/colamp-RAP26-DAP-Seq(GSE60143)/Homer,HDATGGCGGCGG,40,105
REM19(REM)/colamp-REM19-DAP-Seq(GSE60143)/Homer,AAAAAAAA,42,26
ERF4(AP2EREBP)/colamp-ERF4-DAP-Seq(GSE60143)/Homer,WDWTGGCGGCGG,44,112
At2g33710(AP2EREBP)/colamp-At2g33710-DAP-Seq(GSE60143)/Homer,WTKGCGGCKR,45,103
DREF/Drosophila-Promoters/Homer,AVYTATCGATAD,47,1
ERF13(AP2EREBP)/colamp-ERF13-DAP-Seq(GSE60143)/Homer,TYAGCCGCCATT,51,137
Sox17(HMG)/Endoderm-Sox17-ChIP-Seq(GSE61475)/Homer,CCATTGTTYB,53,333
PHA-4(Forkhead)/cElegans-Embryos-PHA4-ChIP-Seq(modEncode)/Homer,KTGTTTGC,54,32
ABR1(AP2EREBP)/colamp-ABR1-DAP-Seq(GSE60143)/Homer,AAATGGCGGCGG,55,100
Gata4(Zf)/Heart-Gata4-ChIP-Seq(GSE35151)/Homer,NBWGATAAGR,56,53
TFDP1(E2F)/K562-TFDP1-ChIP-Seq(GSE105217)/Homer,WTTTCCCGCS,59,188
NF1-halfsite(CTF)/LNCaP-NF1-ChIP-Seq(Unpublished)/Homer,YTGCCAAG,61,48
GATA3(Zf)/iTreg-Gata3-ChIP-Seq(GSE20898)/Homer,AGATAASR,62,73
CRF4(AP2EREBP)/colamp-CRF4-DAP-Seq(GSE60143)/Homer,CGCCGCCA,63,182
E2F4(E2F)/K562-E2F4-ChIP-Seq(GSE31477)/Homer,GGCGGGAAAH,64,121
PABPC1(?)/MEL-PABC1-CLIP-Seq(GSE69755)/Homer,HAATAAAGNN,68,131
SOX1(HMG)/NPC-SOX1-ChIP-Seq(GSE138215)/Homer,CCATTGTTCB,70,245
ERF9(AP2EREBP)/colamp-ERF9-DAP-Seq(GSE60143)/Homer,AWATGGCGGCGG,76,165
RAV1(RAV)/colamp-RAV1-DAP-Seq(GSE60143)/Homer,TWWTTTCTGTTG,77,86
ERF5(AP2EREBP)/colamp-ERF5-DAP-Seq(GSE60143)/Homer,DCMGCCGCCA,78,176
ESE1(AP2EREBP)/col-ESE1-DAP-Seq(GSE60143)/Homer,GGCGGCGG,81,190
PUCHI(AP2EREBP)/colamp-PUCHI-DAP-Seq(GSE60143)/Homer,GCGCCGTY,82,242
ERF10(AP2EREBP)/col-ERF10-DAP-Seq(GSE60143)/Homer,RTGGCGGCGG,84,143
EGL-5(Homeobox)/cElegans-L3-EGL5-ChIP-Seq(modEncode)/Homer,ATTTAATGGG,86,306
Unknown2/Drosophila-Promoters/Homer,CATCMCTA,96,179
polyAsite/CPSF/Homer,TTCAATAAAG,97,124
ERF8(AP2EREBP)/colamp-ERF8-DAP-Seq(GSE60143)/Homer,CGCCGYCATW,98,186
AT4G18450(AP2EREBP)/col-AT4G18450-DAP-Seq(GSE60143)/Homer,ATGGCGGCKG,99,203
hINR(CPE),SBCABW,103,153
SeqBias: TA-repeat,TATATATATA,105,36
Rfx1(HTH)/NPC-H3K4me1-ChIP-Seq(GSE16256)/Homer,KGTTGCCATGGCAA,108,308
Mesp1(bHLH)/ESC-Mesp1-ChIP-Seq(GSE165102)/Homer,RCCATTTGBY,113,144
ERF11(AP2EREBP)/col-ERF11-DAP-Seq(GSE60143)/Homer,RTGGCGGCGG,114,161
HLH-1(bHLH)/cElegans-Embryo-HLH1-ChIP-Seq(modEncode)/Homer,RACAGCTGTTBH,115,16
Rfx6(HTH)/Min6b1-Rfx6.HA-ChIP-Seq(GSE62844)/Homer,TGTTKCCTAGCAACM,119,334
SUT1?/SacCer-Promoters/Homer,CCCCGCGC,120,196
ERF104(AP2EREBP)/col-ERF104-DAP-Seq(GSE60143)/Homer,GGCGGCGG,121,183
Gata6(Zf)/HUG1N-GATA6-ChIP-Seq(GSE51936)/Homer,YCTTATCTBN,122,50
At5g58900(MYBrelated)/colamp-At5g58900-DAP-Seq(GSE60143)/Homer,WWWTYTTATCTWWWW,123,303
TOD6?/SacCer-Promoters/Homer,GCGATGAGMT,127,324
ERF73(AP2EREBP)/col-ERF73-DAP-Seq(GSE60143)/Homer,CCGCCGCC,128,128
Unknown(Homeobox)/Limb-p300-ChIP-Seq/Homer,SSCMATWAAA,129,283
PQM-1(?)/cElegans-L3-ChIP-Seq(modEncode)/Homer,ACTGATAAGA,132,57
AT5G23930(mTERF)/col-AT5G23930-DAP-Seq(GSE60143)/Homer,GGCGGCTG,133,99
At5g65130(AP2EREBP)/colamp-At5g65130-DAP-Seq(GSE60143)/Homer,CCRCCGACAWTN,136,263
ERF115(AP2EREBP)/colamp-ERF115-DAP-Seq(GSE60143)/Homer,WTKRCGGCGB,140,159
ERF1(AP2EREBP)/colamp-ERF1-DAP-Seq(GSE60143)/Homer,GGCGGCTR,142,212
ERF15(AP2EREBP)/colamp-ERF15-DAP-Seq(GSE60143)/Homer,WDHAGCMGCCAT,147,79
HDG1(Homeobox)/col100-HDG1-DAP-Seq(GSE60143)/Homer,DDYAATTAATGH,148,250
FOXK1(Forkhead)/HEK293-FOXK1-ChIP-Seq(GSE51673)/Homer,NVWTGTTTAC,155,94
ERF2(AP2EREBP)/colamp-ERF2-DAP-Seq(GSE60143)/Homer,GGCGGCTG,156,200
FoxL2(Forkhead)/Ovary-FoxL2-ChIP-Seq(GSE60858)/Homer,WWTRTAAACAVG,158,71
Gata2(Zf)/K562-GATA2-ChIP-Seq(GSE18829)/Homer,BBCTTATCTS,159,49
RFX(HTH)/K562-RFX3-ChIP-Seq(SRA012198)/Homer,CGGTTGCCATGGCAAC,163,222
TGA2(bZIP)/colamp-TGA2-DAP-Seq(GSE60143)/Homer,ACGTCAYCHH,166,285
LIN-39(Homeobox)/cElegans.L3-LIN39-ChIP-Seq(modEncode)/Homer,ATGATTRATG,167,255
MafA(bZIP)/Islet-MafA-ChIP-Seq(GSE30298)/Homer,TGCTGACTCA,169,83
Gata1(Zf)/K562-GATA1-ChIP-Seq(GSE18829)/Homer,SAGATAAGRV,170,42
Sox21(HMG)/ESC-SOX21-ChIP-Seq(GSE110505)/Homer,BCCWTTGTBYKV,172,316
Rfx2(HTH)/LoVo-RFX2-ChIP-Seq(GSE49402)/Homer,GTTGCCATGGCAACM,176,185
SHN3(AP2EREBP)/col-SHN3-DAP-Seq(GSE60143)/Homer,CCGCCGCC,178,282
AZF1(C2H2)/colamp-AZF1-DAP-Seq(GSE60143)/Homer,DKSWCACT,180,150
bZIP18(bZIP)/colamp-bZIP18-DAP-Seq(GSE60143)/Homer,KGMCAGCTND,181,119
bZIP52(bZIP)/colamp-bZIP52-DAP-Seq(GSE60143)/Homer,NDNHCAGCTGTCANN,182,59
TRPS1(Zf)/MCF7-TRPS1-ChIP-Seq(GSE107013)/Homer,AGATAAGANN,184,240
Mef2c(MADS)/GM12878-Mef2c-ChIP-Seq(GSE32465)/Homer,DCYAAAAATAGM,187,243
Foxf1(Forkhead)/Lung-Foxf1-ChIP-Seq(GSE77951)/Homer,WWATRTAAACAN,190,65
O2(bZIP)/Corn-O2-ChIP-Seq(GSE63991)/Homer,GCTGACGTGGCA,192,347
CTCF(Zf)/WholeFly-dCTCF-ChIP-seq(GSE175402)/Homer,RTGGCGCCATCTAGCGGHCA,193,206
CDM1(C3H)/colamp-CDM1-DAP-Seq(GSE60143)/Homer,CCGAWAWTWTCGGAN,194,292
LEP(AP2EREBP)/col-LEP-DAP-Seq(GSE60143)/Homer,CDCCGCCGTC,196,267
Unknown1(NR/Ini-like)/Drosophila-Promoters/Homer,MYGGTCACACTG,199,8
Cux2(Homeobox)/Liver-Cux2-ChIP-Seq(GSE35985)/Homer,HNRAATCAAT,201,281
HuR(?)/HEK293-HuR-CLIP-Seq(GSE87887)/Homer,BTTTGGTTTG,202,28
MafF(bZIP)/HepG2-MafF-ChIP-Seq(GSE31477)/Homer,HWWGTCAGCAWWTTT,203,125
FOXM1(Forkhead)/MCF7-FOXM1-ChIP-Seq(GSE72977)/Homer,TRTTTACTTW,206,87
ELT-3(Gata)/cElegans-L1-ELT3-ChIP-Seq(modEncode)/Homer,AWTGATAAGA,209,75
Srebp2(bHLH)/HepG2-Srebp2-ChIP-Seq(GSE31477)/Homer,CGGTCACSCCAC,211,266
Foxo3(Forkhead)/U2OS-Foxo3-ChIP-Seq(E-MTAB-2701)/Homer,DGTAAACA,212,92
LBD2(LOBAS2)/colamp-LBD2-DAP-Seq(GSE60143)/Homer,TCCGAWTTTTTCGGN,213,177
Hoxb4(Homeobox)/ES-Hoxb4-ChIP-Seq(GSE34014)/Homer,TGATTRATGGCY,216,300
SEP3(MADS)/Arabidoposis-Flower-Sep3-ChIP-Seq/Homer,CCAAAAAGGG,218,304
FOXA1(Forkhead)/MCF7-FOXA1-ChIP-Seq(GSE26831)/Homer,WAAGTAAACA,219,68
NeuroG2(bHLH)/Fibroblast-NeuroG2-ChIP-Seq(GSE75910)/Homer,ACCATCTGTT,220,47
Bcl11a(Zf)/HSPC-BCL11A-ChIP-Seq(GSE104676)/Homer,TYTGACCASWRG,221,264
Rfx5(HTH)/GM12878-Rfx5-ChIP-Seq(GSE31477)/Homer,SCCTAGCAACAG,222,259
TGA1(bZIP)/colamp-TGA1-DAP-Seq(GSE60143)/Homer,TGACGTCAKC,224,328
Foxa2(Forkhead)/Liver-Foxa2-ChIP-Seq(GSE25694)/Homer,CYTGTTTACWYW,226,146
FOXA1(Forkhead)/LNCAP-FOXA1-ChIP-Seq(GSE27824)/Homer,WAAGTAAACA,229,69
ZML2(C2C2gata)/col-ZML2-DAP-Seq(GSE60143)/Homer,CATCATCATC,233,58
"GATA:SCL(Zf,bHLH)/Ter119-SCL-ChIP-Seq(GSE18720)/Homer",CRGCTGBNGNSNNSAGATAA,241,262
At5g04390(C2H2)/col200-At5g04390-DAP-Seq(GSE60143)/Homer,AGTGANDN,243,201
X-box(HTH)/NPC-H3K4me1-ChIP-Seq(GSE16256)/Homer,GGTTGCCATGGCAA,244,287
CTCF(Zf)/CD4+-CTCF-ChIP-Seq(Barski_et_al.)/Homer,AYAGTGCCMYCTRGTGGCCA,249,254
E2F1(E2F)/Hela-E2F1-ChIP-Seq(GSE22478)/Homer,CWGGCGGGAA,250,197
JunD(bZIP)/K562-JunD-ChIP-Seq/Homer,ATGACGTCATCN,251,211
E-box/Drosophila-Promoters/Homer,AACAGCTGTTHN,252,5
RRTF1(AP2EREBP)/colamp-RRTF1-DAP-Seq(GSE60143)/Homer,CCGCCGCHATTT,253,213
YY1(Zf)/Promoter/Homer,CAAGATGGCGGC,259,215
NeuroD1(bHLH)/Islet-NeuroD1-ChIP-Seq(GSE30298)/Homer,GCCATCTGTT,266,45
AT2G15740(C2H2)/col-AT2G15740-DAP-Seq(GSE60143)/Homer,DHNDWATCGATD,268,78
Atf2(bZIP)/3T3L1-Atf2-ChIP-Seq(GSE56872)/Homer,NRRTGACGTCAT,269,227
TGA5(bZIP)/col-TGA5-DAP-Seq(GSE60143)/Homer,NNGATGACGTCATCN,271,342
Unknown4/Drosophila-Promoters/Homer,AAAAATACCRMA,273,97
Pknox1(Homeobox)/ES-Prep1-ChIP-Seq(GSE63282)/Homer,SCTGTCAVTCAV,276,341
Atoh7(bHLH)/Retina-Atoh7-CutnRun(GSE156756)/Homer,KRRCAGCTGGTS,279,33
E2F7(E2F)/Hela-E2F7-ChIP-Seq(GSE32673)/Homer,VDTTTCCCGCCA,280,239
GBF3(bZIP)/Arabidopsis-GBF3-ChIP-Seq(GSE80564)/Homer,TGCCACGTSAYC,282,301
PRDM9(Zf)/Testis-DMC1-ChIP-Seq(GSE35498)/Homer,ADGGYAGYAGCATCT,284,195
Foxo1(Forkhead)/RAW-Foxo1-ChIP-Seq(Fan_et_al.)/Homer,CTGTTTAC,286,123
