,Motif Name,Consensus,Rank in Generated,Rank in Known
0,ZBTB38(Zf)/Hela-ZBTB38-ChIP-seq(GSE108618)/Homer,NNWTATCGATAW,1,88
1,Unknown5/Drosophila-Promoters/Homer,GCTGATAASV,5,22
2,At5g05790(MYBrelated)/col-At5g05790-DAP-Seq(GSE60143)/Homer,AYCTTATC,8,16
3,CUX1(Homeobox)/K562-CUX1-ChIP-Seq(GSE92882)/Homer,TATCGATNAN,11,41
4,At3g11280(MYBrelated)/col-At3g11280-DAP-Seq(GSE60143)/Homer,GATAAGRT,15,18
5,RAP26(AP2EREBP)/colamp-RAP26-DAP-Seq(GSE60143)/Homer,HDATGGCGGCGG,40,120
6,DREF/Drosophila-Promoters/Homer,AVYTATCGATAD,47,17
7,Gata4(Zf)/Heart-Gata4-ChIP-Seq(GSE35151)/Homer,NBWGATAAGR,56,14
8,GATA3(Zf)/iTreg-Gata3-ChIP-Seq(GSE20898)/Homer,AGATAASR,62,11
9,PUCHI(AP2EREBP)/colamp-PUCHI-DAP-Seq(GSE60143)/Homer,GCGCCGTY,82,121
10,Hoxc6(Homeobox)/EB-Hoxc6.iFlag-ChIP-Seq(GSE142377)/Homer,CMATYAATCW,100,62
11,Sox15(HMG)/CPA-Sox15-ChIP-Seq(GSE62909)/Homer,RAACAATGGN,110,113
12,HLH-1(bHLH)/cElegans-Embryo-HLH1-ChIP-Seq(modEncode)/Homer,RACAGCTGTTBH,115,78
13,BANP(?)/ESC-Banp-ChIP-Seq(GSE155603)/Homer,TCTCGCGAGANY,116,47
14,SUT1?/SacCer-Promoters/Homer,CCCCGCGC,120,118
15,Gata6(Zf)/HUG1N-GATA6-ChIP-Seq(GSE51936)/Homer,YCTTATCTBN,122,12
16,At5g58900(MYBrelated)/colamp-At5g58900-DAP-Seq(GSE60143)/Homer,WWWTYTTATCTWWWW,123,20
17,PQM-1(?)/cElegans-L3-ChIP-Seq(modEncode)/Homer,ACTGATAAGA,132,24
18,bZIP50(bZIP)/colamp-bZIP50-DAP-Seq(GSE60143)/Homer,GATGACGTCA,144,34
19,At5g08520(MYBrelated)/colamp-At5g08520-DAP-Seq(GSE60143)/Homer,ADBSTTATCY,157,27
20,FoxL2(Forkhead)/Ovary-FoxL2-ChIP-Seq(GSE60858)/Homer,WWTRTAAACAVG,158,87
21,Gata2(Zf)/K562-GATA2-ChIP-Seq(GSE18829)/Homer,BBCTTATCTS,159,13
22,At1g49010(MYBrelated)/col-At1g49010-DAP-Seq(GSE60143)/Homer,RGATAASNTT,160,30
23,CRC(C2C2YABBY)/col-CRC-DAP-Seq(GSE60143)/Homer,TWATSATA,165,35
24,TGA2(bZIP)/colamp-TGA2-DAP-Seq(GSE60143)/Homer,ACGTCAYCHH,166,33
25,LIN-39(Homeobox)/cElegans.L3-LIN39-ChIP-Seq(modEncode)/Homer,ATGATTRATG,167,83
26,MafA(bZIP)/Islet-MafA-ChIP-Seq(GSE30298)/Homer,TGCTGACTCA,169,26
27,Gata1(Zf)/K562-GATA1-ChIP-Seq(GSE18829)/Homer,SAGATAAGRV,170,15
28,Sox21(HMG)/ESC-SOX21-ChIP-Seq(GSE110505)/Homer,BCCWTTGTBYKV,172,146
29,Atf1(bZIP)/K562-ATF1-ChIP-Seq(GSE31477)/Homer,GATGACGTCA,179,144
30,TRPS1(Zf)/MCF7-TRPS1-ChIP-Seq(GSE107013)/Homer,AGATAAGANN,184,19
31,Unknown1(NR/Ini-like)/Drosophila-Promoters/Homer,MYGGTCACACTG,199,40
32,MITF(bHLH)/MastCells-MITF-ChIP-Seq(GSE48085)/Homer,RTCATGTGAC,207,75
33,ELT-3(Gata)/cElegans-L1-ELT3-ChIP-Seq(modEncode)/Homer,AWTGATAAGA,209,28
34,Srebp2(bHLH)/HepG2-Srebp2-ChIP-Seq(GSE31477)/Homer,CGGTCACSCCAC,211,111
35,Hoxb4(Homeobox)/ES-Hoxb4-ChIP-Seq(GSE34014)/Homer,TGATTRATGGCY,216,135
36,NeuroG2(bHLH)/Fibroblast-NeuroG2-ChIP-Seq(GSE75910)/Homer,ACCATCTGTT,220,51
37,Bcl11a(Zf)/HSPC-BCL11A-ChIP-Seq(GSE104676)/Homer,TYTGACCASWRG,221,115
38,TGA6(bZIP)/colamp-TGA6-DAP-Seq(GSE60143)/Homer,TGACGTCABC,237,138
39,"GATA:SCL(Zf,bHLH)/Ter119-SCL-ChIP-Seq(GSE18720)/Homer",CRGCTGBNGNSNNSAGATAA,241,45
40,At5g04390(C2H2)/col200-At5g04390-DAP-Seq(GSE60143)/Homer,AGTGANDN,243,139
41,E-box/Drosophila-Promoters/Homer,AACAGCTGTTHN,252,52
42,Srebp1a(bHLH)/HepG2-Srebp1a-ChIP-Seq(GSE31477)/Homer,RTCACSCCAY,258,91
43,NeuroD1(bHLH)/Islet-NeuroD1-ChIP-Seq(GSE30298)/Homer,GCCATCTGTT,266,85
44,AT2G15740(C2H2)/col-AT2G15740-DAP-Seq(GSE60143)/Homer,DHNDWATCGATD,268,152
45,ZBTB33(Zf)/GM12878-ZBTB33-ChIP-Seq(GSE32465)/Homer,GGVTCTCGCGAGAAC,278,127
46,Atoh7(bHLH)/Retina-Atoh7-CutnRun(GSE156756)/Homer,KRRCAGCTGGTS,279,97
47,Foxo1(Forkhead)/RAW-Foxo1-ChIP-Seq(Fan_et_al.)/Homer,CTGTTTAC,286,94
